gene_id,scheme_cigar
VH3-S36,MMMMMMMMMMMMMMMMMMMMMMMMMMMMMMMMMMMMMMMMMMMMMMMMMMMMIMMMMMMMMMMMMMMMMMMMMIIIMMMMMMMMMMMMMMMMMMMM
VH3-S46,MMMMMMMMMMMMMMMMMMMMMMMMMMMMMMMMMMMMMMMMMMMMMMMMMMMMIMMMMMMMMMMMMMMMMMMMMIIIMMMMMMMMMMMMMMMMMMMM
VH1-S3,MMMMMMMMMMMMMMMMMMMMMMMMMMMMMMMMMMMMMMMMMMMMMMMMMMMMIMMMMMMMMMMMMMMMMMMMMIIIMMMMMMMMMMMMMMMMMMMM
VHH3-S7,MMMMMMMMMMMMMMMMMMMMMMMMMMMMMMMMMMMMMMMMMMMMMMMMMMMMIMMMMMMMMMMMMMMMMMMMMIIIMMMMMMMMMMMMMMMMMMMM
VH2-S7,MMMMMMMMMMMMMMMMMMMMMMMMMMMMMMMIIMMMMMMMMMMMMMMMMMMMMDMMMMMMMMMMMMMMMMMMMMIIIMMMMMMMMMMMMMMMMMMMM
VH3-S33,MMMMMMMMMMMMMMMMMMMMMMMMMMMMMMMMMMMMMMMMMMMMMMMMMMMMIMMMMMMMMMMMMMMMMMMMMIIIMMMMMMMMMMMMMMMMMMMM
VH3-S16,MMMMMMMMMMMMMMMMMMMMMMMMMMMMMMMMMMMMMMMMMMMMMMMMMMMMIMMMMMMMMMMMMMMMMMMMMIIIMMMMMMMMMMMMMMMMMMMM
VH3-S9,MMMMMMMMMMMMMMMMMMMMMMMMMMMMMMMMMMMMMMMMMMMMMMMMMMMMIMMDMMMMMMMMMMMMMMMMMIIIMMMMMMMMMMMMMMMMMMMM
VH3-S40,MMMMMMMMMMMMMMMMMMMMMMMMMMMMMMMMMMMMMMMMMMMMMMMMMMMMIMMMMMMMMMMMMMMMMMMMMIIIMMMMMMMMMMMMMMMMMMMM
VH2-S8,MMMMMMMMMMMMMMMMMMMMMMMMMMMMMMMIIMMMMMMMMMMMMMMMMMMMMDMMMMMMMMMMMMMMMMMMMMIIIMMMMMMMMMMMMMMMMMMMM
VHH3-S12,MMMMMMMMMMMMMMMMMMMMMMMMMMMMMMMMMMMMMMMMMMMMMMMMMMMMIMMMMMMMMMMMMMMMMMMMMIIIMMMMMMMMMMMMMMMMMMMM
VHH3-S8,MMMMMMMMMMMMMMMMMMMMMMMMMMMMMMMMMMMMMMMMMMMMMMMMMMMMIMMMMMMMMMMMMMMMMMMMMIIIMMMMMMMMMMMMMMMMMMMM
VHH3-S10,MMMMMMMMMMMMMMMMMMMMMMMMMMMMMMMMMMMMMMMMMMMMMMMMMMMMMMMMMMMMMMMMMMMMMMMMIIIMMMMMMMMMMMMMMMMMMMM
VH3-S6,MMMMMMMMMMMMMMMMMMMMMMMMMMMMMMMMMMMMMMMMMMMMMMMMMMMMIMMMMMMMMMMMMMMMMMMMMIIIMMMMMMMMMMMMMMMMMMMM
VH3-S37,MMMMMMMMMMMMMMMMMMMMMMMMMMMMMMMMMMMMMMMMMMMMMMMMMMMMIMMMMMMMMMMMMMMMMMMMMIIIMMMMMMMMMMMMMMMMMMMM
VH3-S42,MMMMMMMMMMMMMMMMMMMMMMMMMMMMMMMMMMMMMMMMMMMMMMMMMMMMIMMMMMMMMMMMMMMMMMMMMIIIMMMMMMMMMMMMMMMMMMMM
VH3-S18,MMMMMMMMMMMMMMMMMMMMMMMMMMMMMMMMMMMMMMMMMMMMMMMMMMMMIMMMMMMMMMMMMMMMMMMMMIIIMMMMMMMMMMMMMMMMMMMM
VH2-S2,MMMMMMMMMMMMMMMMMMMMMMMMMMMMMMMIIMMMMMMMMMMMMMMMMMMMMMMMMMMMMMMMMMMMMMMMMMIIIMMMMMMMMMMMMMMMMMMMM
VHH3-S5,MMMMMMMMMMMMMMMMMMMMMMMMMMMMMMMMMMMMMMMMMMMMMMMMMMMMIMMMMMMMMMMMMMMMMMMMMIIIMMMMMMMMMMMMMMMMMMMM
VH3-S29,MMMMMMMMMMMMMMMMMMMMMMMMMMMMMMMMMMMMMMMMMMMMMMMMMMMMIMMMMMMMMMMMMMMMMMMMMIIIMMMMMMMMMMMMMMMMMMMM
VH3-S3,MMMMMMMMMMMMMMMMMMMMMMMMMMMMMMMMMMMMMMMMMMMMMMMMMMMMIMMMMMMMMMMMMMMMMMMMMIIIMMMMMMMMMMMMMMMMMMMM
VH1-S6,MMMMMMMMMMMMMMMMMMMMMMMMMMMMMMMMMMMMMMMMMMMMMMMMMMMMIMMMMMMMMMMMMMMMMMMMMIIIMMMMMMMMMMMMMMMMMMMM
VHH3-S14,MMMMMMMMMMMMMMMMMMMMMMMMMMMMMMMMMMMMMMMMMMMMMMMMMMMMIMMMMMMMMMMMMMMMMMMMMIIIMMMMMMMMMMMMMMMMMMMM
VHH3-S2,MMMMMMMMMMMMMMMMMMMMMMMMMMMMMMMMMMMMMMMMMMMMMMMMMMMMIMMMMMMMMMMMMMMMMMMMMIIIMMMMMMMMMMMMMMMMMMMM
VH3-S17,MMMMMMMMMMMMMMMMMMMMMMMMMMMMMMMMMMMMMMMMMMMMMMMMMMMMIMMMMMMMMMMMMMMMMMMMMIIIMMMMMMMMMMMMMMMMMMMM
VHH3-S4,MMMMMMMMMMMMMMMMMMMMMMMMMMMMMMMMMMMMMMMMMMMMMMMMMMMMIMMMMMMMMMMMMMMMMMMMMIIIMMMMMMMMMMMMMMMMMMMM
VHH3-S15,MMMMMMMMMMMMMMMMMMMMMMMMMMMMMMMMMMMMMMMMMMMMMMMMMMMMMMMMMMMMMMMMMMMMMMMMIIIMMMMMMMMMMMMMMMMMMMM
VH3-S38,MMMMMMMMMMMMMMMMMMMMMMMMMMMMMMMMMMMMMMMMMMMMMMMMMMMMIMMMMMMMMMMMMMMMMMMMMIIIMMMMMMMMMMMMMMMMMMMM
VH3-S26,MMMMMMMMMMMMMMMMMMMMMMMMMMMMMMMMMMMMMMMMMMMMMMMMMMMMIMMMMMMMMMMMMMMMMMMMMIIIMMMMMMMMMMMMMMMMMMMM
VH3-S7,MMMMMMMMMMMMMMMMMMMMMMMMMMMMMMMMMMMMMMMMMMMMMMMMMMMMIMMMMMMMMMMMMMMMMMMMMIIIMMMMMMMMMMMMMMMMMMMM
VH3-S25,MMMMMMMMMMMMMMMMMMMMMMMMMMMMMMMMMMMMMMMMMMMMMMMMMMMMIMMMMMMMMMMMMMMMMMMMMIIIMMMMMMMMMMMMMMMMMMMM
VH3-S45,MMMMMMMMMMMMMMMMMMMMMMMMMMMMMMMMMMMMMMMMMMMMMMMMMMMMIMMMMMMMMMMMMMMMMMMMMIIIMMMMMMMMMMMMMMMMMMMM
VH3-S41,MMMMMMMMMMMMMMMMMMMMMMMMMMMMMMMMMMMMMMMMMMMMMMMMMMMMIMMMMMMMMMMMMMMMMMMMMIIIMMMMMMMMMMMMMMMMMMMM
VHH3-S13,MMMMMMMMMMMMMMMMMMMMMMMMMMMMMMMMMMMMMMMMMMMMMMMMMMMMIMMMMMMMMMMMMMMMMMMMMIIIMMMMMMMMMMMMMMMMMMMM
VHH3-S6,MMMMMMMMMMMMMMMMMMMMMMMMMMMMMMMMMMMMMMMMMMMMMMMMMMMMIMMMMMMMMMMMMMMMMMMMMIIIMMMMMMMMMMMMMMMMMMMM
VH2-S5,MMMMMMMMMMMMMMMMMMMMMMMMMMMMMMMIIMMMMMMMMMMMMMMMMMMMMMMMMMMMMMMMMMMMMMMMMMIIIMMMMMMMMMMMMMMMMMMMM
VH3-S34,MMMMMMMMMMMMMMMMMMMMMMMMMMMMMMMMMMMMMMMMMMMMMMMMMMMMIMMMMMMMMMMMMMMMMMMMMIIIMMMMMMMMMMMMMMMMMMMM
VHH3-S3,MMMMMMMMMMMMMMMMMMMMMMMMMMMMMMMMMMMMMMMMMMMMMMMMMMMMIMMMMMMMMMMMMMMMMMMMMIIIMMMMMMMMMMMMMMMMMMMM
VHH3-S9,MMMMMMMMMMMMMMMMMMMMMMMMMMMMMMMMMMMMMMMMMMMMMMMMMMMMMMMMMMMMMMMMMMMMMMMMIIIMMMMMMMMMMMMMMMMMMMM
VH3-S4,MMMMMMMMMMMMMMMMMMMMMMMMMMMMMMMMMMMMMMMMMMMMMMMMMMMMIMMMMMMMMMMMMMMMMMMMMIIIMMMMMMMMMMMMMMMMMMMM
VH3-S2,MMMMMMMMMMMMMMMMMMMMMMMMMMMMMMMMMMMMMMMMMMMMMMMMMMMMIMMMMMMMMMMMMMMMMMMMMIIIMMMMMMMMMMMMMMMMMMMM
VH3-S8,MMMMMMMMMMMMMMMMMMMMMMMMMMMMMMMMMMMMMMMMMMMMMMMMMMMMIMMDMMMMMMMMMMMMMMMMMIIIMMMMMMMMMMMMMMMMMMMM
VH3-S32,MMMMMMMMMMMMMMMMMMMMMMMMMMMMMMMMMMMMMMMMMMMMMMMMMMMMIMMMMMMMMMMMMMMMMMMMMIIIMMMMMMMMMMMMMMMMMMMM
VH3-S30,MMMMMMMMMMMMMMMMMMMMMMMMMMMMMMMMMMMMMMMMMMMMMMMMMMMMIMMMMMMMMMMMMMMMMMMMMIIIMMMMMMMMMMMMMMMMMMMM
vh3-S1,MMMMMMMMMMMMMMMMMMMMMMMMMMMMMMMMMMMMMMMMMMMMMMMMMMMMIMMMMMMMMMMMMMMMMMMMMIIIMMMMMMMMMMMMMMMMMMMMMM
vh2-S1,MMMMMMMMMMMMMMMMMMMMMMMMMMMMMMMIIMMMMMMMMMMMMMMMMMMMMMMMMMMMMMMMMMMMMMMMMMIIIMMMMMMMMMMMMMMMMMMMMMM
vhh3-S1,MMMMMMMMMMMMMMMMMMMMMMMMMMMMMMMMMMMMMMMMMMMMMMMMMMMMMMMMMMMMMMMMMMMMMMMMIIIMMMMMMMMMMMMMMMMMMMMMM
VH3-S28,MMMMMMMMMMMMMMMMMMMMMMMMMMMMMMMMMMMMMMMMMMMMMMMMMMMMIMMMMMMMMMMMMMMMMMMMMIIIMMMMMMMMMMMMMMMMMMMM
VH3-S43,MMMMMMMMMMMMMMMMMMMMMMMMMMMMMMMMMMMMMMMMMMMMMMMMMMMMIMMMMMMMMMMMMMMMMMMMMIIIMMMMMMMMMMMMMMMMMMMM
VHH3-S16,MMMMMMMMMMMMMMMMMMMMMMMMMMMMMMMMMMMMMMMMMMMMMMMMMMMMIMMMMMMMMMMMMMMMMMMMMIIIMMMMMMMMMMMMMMMMMMMM
VH2-S6,MMMMMMMMMMMMMMMMMMMMMMMMMMMMMMMIIMMMMMMMMMMMMMMMMMMMMMMMMMMMMMMMMMMMMMMMMMIIIMMMMMMMMMMMMMMMMMMMM
VH3-S13,MMMMMMMMMMMMMMMMMMMMMMMMMMMMMMMMMMMMMMMMMMMMMMMMMMMMIMMMMMMMMMMMMMMMMMMMMIIIMMMMMMMMMMMMMMMMMMMM
VH1-S2,MMMMMMMMMMMMMMMMMMMMMMMMMMMMMMMMMMMMMMMMMMMMMMMMMMMMIMMMMMMMMMMMMMMMMMMMMIIIMMMMMMMMMMMMMMMMMMMM
VH2-S10,MMMMMMMMMMMMMMMMMMMMMMMMMMMMMMMIIMMMMMMMMMMMMMMMMMMMMDMMMMMMMMMMMMMMMMMMMMIIIMMMMMMMMMMMMMMMMMMMM
VH1-S4,MMMMMMMMMMMMMMMMMMMMMMMMMMMMMMMMMMMMMMMMMMMMMMMMMMMMIMMMMMMMMMMMMMMMMMMMMIIIMMMMMMMMMMMMMMMMMMMM
VHH3-S11,MMMMMMMMMMMMMMMMMMMMMMMMMMMMMMMMMMMMMMMMMMMMMMMMMMMMMMMMMMMMMMMMMMMMMMMMIIIMMMMMMMMMMMMMMMMMMMM
VH3-S12,MMMMMMMMMMMMMMMMMMMMMMMMMMMMMMMMMMMMMMMMMMMMMMMMMMMMIMMMMMMMMMMMMMMMMMMMMIIIMMMMMMMMMMMMMMMMMMMM
VH3-S39,MMMMMMMMMMMMMMMMMMMMMMMMMMMMMMMMMMMMMMMMMMMMMMMMMMMMIMMMMMMMMMMMMMMMMMMMMIIIMMMMMMMMMMMMMMMMMMMM
VH3-S27,MMMMMMMMMMMMMMMMMMMMMMMMMMMMMMMMMMMMMMMMMMMMMMMMMMMMIMMMMMMMMMMMMMMMMMMMMIIIMMMMMMMMMMMMMMMMMMMM
VH3-S20,MMMMMMMMMMMMMMMMMMMMMMMMMMMMMMMMMMMMMMMMMMMMMMMMMMMMIMMMMMMMMMMMMMMMMMMMMIIIMMMMMMMMMMMMMMMMMMMM
VH3-S14,MMMMMMMMMMMMMMMMMMMMMMMMMMMMMMMMMMMMMMMMMMMMMMMMMMMMIMMMMMMMMMMMMMMMMMMMMIIIMMMMMMMMMMMMMMMMMMMM
VH3-S10,MMMMMMMMMMMMMMMMMMMMMMMMMMMMMMMMMMMMMMMMMMMMMMMMMMMMIMMDMMMMMMMMMMMMMMMMMIIIMMMMMMMMMMMMMMMMMMMM
VH2-S4,MMMMMMMMMMMMMMMMMMMMMMMMMMMMMMMIIMMMMMMMMMMMMMMMMMMMMMMMMMMMMMMMMMMMMMMMMMIIIMMMMMMMMMMMMMMMMMMMM
VH3-S35,MMMMMMMMMMMMMMMMMMMMMMMMMMMMMMMMMMMMMMMMMMMMMMMMMMMMIMMMMMMMMMMMMMMMMMMMMIIIMMMMMMMMMMMMMMMMMMMM
VH3-S31,MMMMMMMMMMMMMMMMMMMMMMMMMMMMMMMMMMMMMMMMMMMMMMMMMMMMIMMMMMMMMMMMMMMMMMMMMIIIMMMMMMMMMMMMMMMMMMMM
VH3-S5,MMMMMMMMMMMMMMMMMMMMMMMMMMMMMMMMMMMMMMMMMMMMMMMMMMMMIMMMMMMMMMMMMMMMMMMMMIIIMMMMMMMMMMMMMMMMMMMM
VH2-S3,MMMMMMMMMMMMMMMMMMMMMMMMMMMMMMMIIMMMMMMMMMMMMMMMMMMMMMMMMMMMMMMMMMMMMMMMMMIIIMMMMMMMMMMMMMMMMMMMM
VH3-S44,MMMMMMMMMMMMMMMMMMMMMMMMMMMMMMMMMMMMMMMMMMMMMMMMMMMMIMMMMMMMMMMMMMMMMMMMMIIIMMMMMMMMMMMMMMMMMMMM
vhh3-1,MMMMMMMMMMMMMMMMMMMMMMMMMMMMMMMMMMMMMMMMMMMMMMMMMMMMIMMMMMMMMMMMMMMMMMMMMIIIMMMMMMMMMMMMMMMMMMMMMM
vh3-1,MMMMMMMMMMMMMMMMMMMMMMMMMMMMMMMMMMMMMMMMMMMMMMMMMMMMIMMMMMMMMMMMMMMMMMMMMIIIMMMMMMMMMMMMMMMMMMMMMM
vh3-2,MMMMMMMMMMMMMMMMMMMMMMMMMMMMMMMMMMMMMMMMMMMMMMMMMMMMIMMMMMMMMMMMMMMMMMMMMIIIMMMMMMMMMMMMMMMMMMMMM
vh1-1,MMMMMMMMMMMMMMMMMMMMMMMMMMMMMMMMMMMMMMMMMMMMMMMMMMMMIMMMMMMMMMMMMMMMMMMMMIIIMMMMMMMMMMMMMMMMMMMMMM
VH3-S11,MMMMMMMMMMMMMMMMMMMMMMMMMMMMMMMMMMMMMMMMMMMMMMMMMMMMIMMMMMMMMMMMMMMMMMMMMIIIMMMMMMMMMMMMMMMMMMMM
ighJ-1,IIMMMMMMMMMMMMM
ighJ-2,IIIIMMMMMMMMMMMMM
ighJ-3,IIIMMMMMMMMMMMMM
ighJ-4,IIMMMMMMMMMMMMM
ighJ-5,IIIMMMMMMMMMMMM
ighJ-6,IIMMMMMMMMMMMMM
ighJ-7,IIIIMMMMMMMMMMMMM
